ID,FName,LName,Age,Phone,Gender
10,Damaris,Mike,48,9298303765,Female
11,Rhea,Peonir,21,9861818960,Female
12,Kara-Lynn,Alice,47,9675469997,Female
13,Hallie,Bury,33,9192418489,Male
14,Adriana,Gemini,24,9849525420,Female
15,Mariele,Cimbura,47,9564725764,Female
16,Cassandra,Mullane,32,9610777793,Female
17,Nicoli,Christine,23,9265558420,Male
18,Tracey,Alrich,30,9264214398,Male
19,Veda,Zaslow,57,9353491103,Male
20,Darci,Gibbeon,29,9389098885,Female
21,Valeda,Leary,37,9853801873,Male
22,Devina,Iphlgenia,34,9707343055,Male
23,Desirae,Chinua,45,9080026101,Male
24,Belva,Daniele,60,9498783551,Female
25,Selia,O'Neill,57,9089584148,Male
26,Barbara,Schenck,26,9790082603,Male
27,Rubie,Madaih,46,9301073727,Female
28,Concettina,Adrienne,46,9119669759,Female
29,Kirbee,Halla,45,9293264932,Male
30,Patricia,Creamer,32,9210693037,Male
31,Anica,Franza,20,9319926859,Female
32,Lonnie,Diogenes,47,9539539349,Male
33,Malina,Lutero,28,9724157463,Female
34,Nicoli,Ricki,37,9381723020,Male
35,Lucille,Rossner,49,9537359952,Female
36,Maurene,Cookie,49,9677391785,Male
37,Patricia,Philoo,50,9379751338,Female
38,Sheree,Wallis,39,9100586603,Female
39,Karena,Jenness,59,9163477142,Male
40,Renae,Cristi,42,9918620148,Female
41,Dale,Berard,38,9219739956,Male
42,Gusella,Faria,41,9894829055,Female
43,Wanda,Aldric,24,9543310593,Female
44,Hannis,Knowling,26,9230630109,Female
45,Brianna,Audly,33,9304520971,Female
46,Binny,Jarib,45,9119772787,Female
47,Priscilla,Grayce,31,9947383148,Male
48,Basia,Simmonds,21,9752196325,Female
49,Jackie,Brackely,37,9678544979,Male
50,Rhoda,Yorick,44,9949112844,Female
51,Melisent,Darbie,35,9038453868,Female
52,Marguerite,Allare,42,9453788517,Male
53,Randa,Zamora,28,9711941537,Male
54,Maye,Parsaye,47,9579073850,Female
55,Brianna,Hachmin,59,9017281010,Female
56,Angelique,Wooster,21,9119632117,Female
57,Georgetta,Reinke,52,9221746827,Female
58,Grier,Prober,52,9981696314,Female
59,Elyssa,Lamoree,21,9939639501,Female
60,Constance,Tarrant,42,9766773304,Male
61,Candy,Olin,20,9652449499,Male
62,Vonny,Wiener,27,9093775010,Male
63,Annice,Rooney,55,9005708586,Male
64,Abbie,Olympium,21,9714219218,Female
65,Fredericka,Nisbet,32,9674442569,Female
66,Lexine,Adlare,32,9129785109,Female
67,Abbie,Idelia,41,9518994504,Male
68,Gwenneth,Schlosser,36,9206579030,Female
69,Regina,Bartlett,35,9385245699,Female
70,Karina,Colbert,37,9139913499,Male
71,Alexine,Couture,37,9970661118,Female
72,Gerianna,Wyn,58,9014777671,Male
73,Andeee,Bouchard,26,9291486201,Male
74,Berget,Celestine,58,9742257056,Male
75,Siana,Bigner,48,9107677540,Male
76,Viviene,Sekofski,51,9567377986,Female
77,Stacey,Suk,22,9474501799,Female
78,Bettine,Bohlin,37,9972104807,Female
79,Ilse,Gwenore,55,9544608618,Male
80,Marnia,Tamsky,45,9230222019,Female
81,Hollie,Larochelle,59,9362098119,Female
82,Marinna,Bendick,51,9939148561,Female
83,Dominga,Billye,49,9179770535,Female
84,Julieta,Kussell,56,9348731308,Female
85,Tina,Maisey,22,9728142523,Male
86,Teddie,Connelly,48,9601482275,Female
87,Julieta,Girardo,44,9279836476,Male
88,Aigneis,Kiyoshi,57,9527271856,Female
89,Trixi,Bettine,32,9610721920,Female
90,Deane,Harl,53,9920515461,Female
91,Camile,Laurianne,55,9039020819,Female
92,Marylou,Levey,44,9578439653,Female
93,Ayn,Turne,56,9135824700,Male
94,Annora,Vittoria,28,9884551661,Female
95,Averyl,Chauncey,31,9955067228,Female
96,Lory,Diann,31,9457110524,Male
97,Malina,Jess,57,9167617643,Male
98,Maisey,Soneson,53,9123582726,Male
99,Randa,Henebry,54,9604469912,Female
100,Lilith,Buffum,46,9099744868,Male
101,Kimmy,Whiffen,32,9889525338,Female
102,Oralee,Marlie,27,9761457972,Female
103,Mureil,Penelopa,27,9995298911,Female
104,Tatiania,Fitzsimmons,21,9492991223,Male
105,Peri,Harriman,26,9591014485,Female
106,Gusty,Plato,28,9225665651,Female
107,Carmencita,Garrison,52,9356181714,Female
108,Gabi,Durante,24,9172821099,Male
109,Tori,Sundin,43,9997676320,Female